Sequential,1,N/A,225.712
Static,1,64,225.837,0.999446
Dynamic,1,64,226.042,0.998538
Static,1,128,225.834,0.99946
