Size,Plain,Auto,AVX
128,1.41662e-06,5.724e-07,4.528e-07
256,2.68382e-06,1.0812e-06,8.548e-07
512,5.33184e-06,2.38242e-06,1.6306e-06
1024,1.06081e-05,3.91144e-06,3.16202e-06
2048,2.114e-05,7.63864e-06,6.29844e-06
4096,4.36035e-05,1.52563e-05,1.27577e-05
8192,8.50098e-05,3.07938e-05,2.56686e-05
16384,7.55529e-05,2.16127e-05,1.79099e-05
32768,0.000119877,4.35697e-05,3.62286e-05
65536,0.000240257,8.73172e-05,7.17309e-05
131072,0.000482695,0.000175194,0.000144851
