Size,Plain,Auto,AVX
128,8.132e-07,2.98e-07,1.94e-07
256,1.5614e-06,5.702e-07,3.542e-07
512,3.00522e-06,1.052e-06,6.7402e-07
1024,5.91362e-06,2.08942e-06,1.314e-06
2048,1.18089e-05,3.99822e-06,2.33442e-06
4096,2.36529e-05,8.27004e-06,5.21064e-06
8192,3.78198e-05,1.12729e-05,9.45024e-06
16384,6.83599e-05,2.25473e-05,1.87369e-05
32768,0.000121019,4.38484e-05,3.7476e-05
65536,0.0002444,8.8311e-05,7.5319e-05
131072,0.000484436,0.000177582,0.000150976
