N,R,T,mean_time_sec,std_dev_time_sec,min_time_sec,max_time_sec
1M,64,1,.80514320000000000000,.03526987650531257530,0.771233,0.853321
1M,64,2,.58524980000000000000,.01656697980019291265,0.570917,0.609694
1M,64,4,.45872580000000000000,.02002000549949974414,0.446638,0.49423
1M,64,8,.53787360000000000000,.01218457054228830832,0.528059,0.559012
1M,64,12,.60109920000000000000,.02608296013108941590,0.569781,0.628071
