N,R,T,mean_time_sec,std_dev_time_sec,min_time_sec,max_time_sec
2M,64,1,.80709480000000000000,.02181764825090000391,0.778437,0.832965
2M,64,2,.60254580000000000000,.02470978415931632535,0.56095,0.622256
2M,64,4,.44542960000000000000,.01422418552325580432,0.423505,0.463033
2M,64,8,.45897980000000000000,.01457995139566658500,0.444561,0.479066
2M,64,12,.48090600000000000000,.00966793910303535165,0.473846,0.497512
