N,R,T,mean_time_sec,std_dev_time_sec,min_time_sec,max_time_sec
1M,64,1,.80514320000000000000,.03526987650531257530,0.771233,0.853321
