threads,seq_time_s,par_time_s,speedup
1,2.78752,2.78752,1
2,2.78752,1.52075,1.83299
3,2.78752,1.15051,2.42286
4,2.78752,0.95407,2.92171
5,2.78752,0.87128,3.19934
6,2.78752,0.820003,3.3994
7,2.78752,0.718262,3.88092
8,2.78752,0.674534,4.13251
9,2.78752,0.595778,4.67879
10,2.78752,0.573251,4.86265
11,2.78752,0.563018,4.95103
12,2.78752,0.571939,4.8738
