threads,seq_time_s,par_time_s,speedup
1,23.2614,23.2614,1
2,23.2614,11.9172,1.95191
3,23.2614,8.19359,2.83898
4,23.2614,6.39588,3.63694
5,23.2614,5.25204,4.42903
6,23.2614,4.61659,5.03866
7,23.2614,4.44564,5.23241
8,23.2614,4.01743,5.79013
9,23.2614,3.86173,6.02357
10,23.2614,3.63949,6.3914
11,23.2614,3.47687,6.69034
12,23.2614,3.42601,6.78965
