threads,seq_time_s,par_time_s,speedup
1,2.75674,2.75674,1
2,2.75674,1.53667,1.79398
3,2.75674,1.15634,2.38402
4,2.75674,0.953428,2.8914
5,2.75674,0.870897,3.16541
6,2.75674,0.77266,3.56786
7,2.75674,0.70591,3.90523
8,2.75674,0.659349,4.18101
9,2.75674,0.740318,3.72373
10,2.75674,0.621631,4.43469
11,2.75674,0.639759,4.30903
12,2.75674,0.683989,4.03039
